CREATE DATABASE  IF NOT EXISTS `colegio` /*!40100 DEFAULT CHARACTER SET utf8 */ /*!80016 DEFAULT ENCRYPTION='N' */;
USE `colegio`;
-- MySQL dump 10.13  Distrib 8.0.27, for Win64 (x86_64)
--
-- Host: 127.0.0.1    Database: colegio
-- ------------------------------------------------------
-- Server version	8.0.27

/*!40101 SET @OLD_CHARACTER_SET_CLIENT=@@CHARACTER_SET_CLIENT */;
/*!40101 SET @OLD_CHARACTER_SET_RESULTS=@@CHARACTER_SET_RESULTS */;
/*!40101 SET @OLD_COLLATION_CONNECTION=@@COLLATION_CONNECTION */;
/*!50503 SET NAMES utf8 */;
/*!40103 SET @OLD_TIME_ZONE=@@TIME_ZONE */;
/*!40103 SET TIME_ZONE='+00:00' */;
/*!40014 SET @OLD_UNIQUE_CHECKS=@@UNIQUE_CHECKS, UNIQUE_CHECKS=0 */;
/*!40014 SET @OLD_FOREIGN_KEY_CHECKS=@@FOREIGN_KEY_CHECKS, FOREIGN_KEY_CHECKS=0 */;
/*!40101 SET @OLD_SQL_MODE=@@SQL_MODE, SQL_MODE='NO_AUTO_VALUE_ON_ZERO' */;
/*!40111 SET @OLD_SQL_NOTES=@@SQL_NOTES, SQL_NOTES=0 */;

--
-- Table structure for table `asigna`
--

DROP TABLE IF EXISTS `asigna`;
/*!40101 SET @saved_cs_client     = @@character_set_client */;
/*!50503 SET character_set_client = utf8mb4 */;
CREATE TABLE `asigna` (
  `idasigna` int NOT NULL,
  `carnet` int DEFAULT NULL,
  `idcursos` int DEFAULT NULL,
  `fecha` date DEFAULT NULL,
  PRIMARY KEY (`idasigna`),
  KEY `fk_asigna_1_idx` (`idcursos`),
  KEY `fk_asigna_2_idx` (`carnet`),
  CONSTRAINT `fk_asigna_1` FOREIGN KEY (`idcursos`) REFERENCES `cursos` (`idcursos`),
  CONSTRAINT `fk_asigna_2` FOREIGN KEY (`carnet`) REFERENCES `estudiantes` (`carnet`)
) ENGINE=InnoDB DEFAULT CHARSET=utf8mb3;
/*!40101 SET character_set_client = @saved_cs_client */;

--
-- Dumping data for table `asigna`
--

LOCK TABLES `asigna` WRITE;
/*!40000 ALTER TABLE `asigna` DISABLE KEYS */;
INSERT INTO `asigna` VALUES (1,2016001,2001,'2016-01-15'),(2,2016002,2001,'2016-01-15'),(3,2016003,2001,'2016-01-15'),(4,2016004,2001,'2016-01-15'),(5,2016005,2001,'2016-01-15'),(6,2016006,2001,'2016-01-15'),(7,2016007,2001,'2016-01-15'),(8,2016008,2001,'2016-01-15'),(9,2016009,2001,'2016-01-15'),(10,2016010,2001,'2016-01-15'),(11,2016011,2001,'2016-01-15'),(12,2016012,2001,'2016-01-15'),(13,2016013,2001,'2016-01-15'),(14,2016014,2001,'2016-01-15'),(15,2016015,2001,'2016-01-15'),(16,2016016,2001,'2016-01-15'),(17,2016017,2001,'2016-01-15'),(18,2016018,2001,'2016-01-15'),(19,2016019,2001,'2016-01-15'),(20,2016020,2001,'2016-01-16'),(21,2016021,2001,'2016-01-16'),(22,2016022,2001,'2016-01-16'),(23,2016023,2001,'2016-01-16'),(24,2016024,2001,'2016-01-16'),(25,2016025,2001,'2016-01-16'),(26,2016026,2001,'2016-01-16'),(27,2016027,2001,'2016-01-16'),(28,2016028,2001,'2016-01-16'),(29,2016029,2001,'2016-01-16'),(30,2016030,2001,'2016-01-16'),(31,2016031,2001,'2016-01-16'),(32,2016032,2001,'2016-01-16'),(33,2016033,2001,'2016-01-16'),(34,2016034,2001,'2016-01-16'),(35,2016035,2001,'2016-01-16'),(36,2016036,2001,'2016-01-16'),(37,2016037,2001,'2016-01-16'),(38,2016038,2001,'2016-01-16'),(39,2016039,2001,'2016-01-16'),(40,2016040,2001,'2016-01-16'),(41,2016041,2001,'2016-01-16'),(42,2016042,2001,'2016-01-16'),(43,2016043,2001,'2016-01-16'),(44,2016044,2001,'2016-01-16'),(45,2016045,2001,'2016-01-16'),(46,2016046,2001,'2016-01-16'),(47,2016047,2001,'2016-01-16'),(48,2016048,2001,'2016-01-16'),(49,2016049,2001,'2016-01-16'),(50,2016050,2001,'2016-01-16'),(51,2016051,2004,'2016-01-17'),(52,2016052,2004,'2016-01-17'),(53,2016053,2004,'2016-01-17'),(54,2016054,2004,'2016-01-17'),(55,2016055,2004,'2016-01-17'),(56,2016056,2004,'2016-01-17'),(57,2016057,2004,'2016-01-17'),(58,2016058,2004,'2016-01-17'),(59,2016059,2004,'2016-01-17'),(60,2016060,2004,'2016-01-17'),(61,2016061,2004,'2016-01-17'),(62,2016062,2004,'2016-01-17'),(63,2016063,2004,'2016-01-17'),(64,2016064,2004,'2016-01-17'),(65,2016065,2004,'2016-01-17'),(66,2016066,2004,'2016-01-17'),(67,2016067,2004,'2016-01-17'),(68,2016068,2004,'2016-01-17'),(69,2016069,2004,'2016-01-17'),(70,2016070,2004,'2016-01-17'),(71,2016071,2004,'2016-01-17'),(72,2016072,2004,'2016-01-17'),(73,2016073,2004,'2016-01-17'),(74,2016074,2004,'2016-01-17'),(75,2016075,2004,'2016-01-17'),(76,2016076,2004,'2016-01-17'),(77,2016077,2004,'2016-01-17'),(78,2016078,2004,'2016-01-18'),(79,2016079,2004,'2016-01-18'),(80,2016080,2004,'2016-01-18'),(81,2016081,2004,'2016-01-18'),(82,2016082,2004,'2016-01-18'),(83,2016083,2004,'2016-01-18'),(84,2016084,2004,'2016-01-18'),(85,2016085,2004,'2016-01-18'),(86,2016086,2004,'2016-01-18'),(87,2016087,2004,'2016-01-18'),(88,2016088,2004,'2016-01-18'),(89,2016089,2004,'2016-01-18'),(90,2016090,2004,'2016-01-18'),(91,2016091,2004,'2016-01-18'),(92,2016092,2004,'2016-01-18'),(93,2016093,2004,'2016-01-18'),(94,2016094,2004,'2016-01-18'),(95,2016095,2004,'2016-01-18'),(96,2016096,2004,'2016-01-18'),(97,2016097,2004,'2016-01-18'),(98,2016098,2004,'2016-01-18'),(99,2016099,2004,'2016-01-18'),(100,2016100,2004,'2016-01-18'),(101,2016001,2002,'2016-01-15'),(102,2016002,2002,'2016-01-15'),(103,2016003,2002,'2016-01-15'),(104,2016004,2002,'2016-01-15'),(105,2016005,2002,'2016-01-15'),(106,2016006,2002,'2016-01-15'),(107,2016007,2002,'2016-01-15'),(108,2016008,2002,'2016-01-15'),(109,2016009,2002,'2016-01-15'),(110,2016010,2002,'2016-01-15'),(111,2016011,2002,'2016-01-15'),(112,2016012,2002,'2016-01-15'),(113,2016013,2002,'2016-01-15'),(114,2016014,2002,'2016-01-15'),(115,2016015,2002,'2016-01-15'),(116,2016016,2002,'2016-01-15'),(117,2016017,2002,'2016-01-15'),(118,2016018,2002,'2016-01-15'),(119,2016019,2002,'2016-01-15'),(120,2016020,2002,'2016-01-16'),(121,2016021,2002,'2016-01-16'),(122,2016022,2002,'2016-01-16'),(123,2016023,2002,'2016-01-16'),(124,2016024,2002,'2016-01-16'),(125,2016025,2002,'2016-01-16'),(126,2016026,2002,'2016-01-16'),(127,2016027,2002,'2016-01-16'),(128,2016028,2002,'2016-01-16'),(129,2016029,2002,'2016-01-16'),(130,2016030,2002,'2016-01-16'),(131,2016031,2002,'2016-01-16'),(132,2016032,2002,'2016-01-16'),(133,2016033,2002,'2016-01-16'),(134,2016034,2002,'2016-01-16'),(135,2016035,2002,'2016-01-16'),(136,2016036,2002,'2016-01-16'),(137,2016037,2002,'2016-01-16'),(138,2016038,2002,'2016-01-16'),(139,2016039,2002,'2016-01-16'),(140,2016040,2002,'2016-01-16'),(141,2016041,2002,'2016-01-16'),(142,2016042,2002,'2016-01-16'),(143,2016043,2002,'2016-01-16'),(144,2016044,2002,'2016-01-16'),(145,2016045,2002,'2016-01-16'),(146,2016046,2002,'2016-01-16'),(147,2016047,2002,'2016-01-16'),(148,2016048,2002,'2016-01-16'),(149,2016049,2002,'2016-01-16'),(150,2016050,2002,'2016-01-16'),(151,2016051,2005,'2016-01-17'),(152,2016052,2005,'2016-01-17'),(153,2016053,2005,'2016-01-17'),(154,2016054,2005,'2016-01-17'),(155,2016055,2005,'2016-01-17'),(156,2016056,2005,'2016-01-17'),(157,2016057,2005,'2016-01-17'),(158,2016058,2005,'2016-01-17'),(159,2016059,2005,'2016-01-17'),(160,2016060,2005,'2016-01-17'),(161,2016061,2005,'2016-01-17'),(162,2016062,2005,'2016-01-17'),(163,2016063,2005,'2016-01-17'),(164,2016064,2005,'2016-01-17'),(165,2016065,2005,'2016-01-17'),(166,2016066,2005,'2016-01-17'),(167,2016067,2005,'2016-01-17'),(168,2016068,2005,'2016-01-17'),(169,2016069,2005,'2016-01-17'),(170,2016070,2005,'2016-01-17'),(171,2016071,2005,'2016-01-17'),(172,2016072,2005,'2016-01-17'),(173,2016073,2005,'2016-01-17'),(174,2016074,2005,'2016-01-17'),(175,2016075,2005,'2016-01-17'),(176,2016076,2005,'2016-01-17'),(177,2016077,2005,'2016-01-17'),(178,2016078,2005,'2016-01-18'),(179,2016079,2005,'2016-01-18'),(180,2016080,2005,'2016-01-18'),(181,2016081,2005,'2016-01-18'),(182,2016082,2005,'2016-01-18'),(183,2016083,2005,'2016-01-18'),(184,2016084,2005,'2016-01-18'),(185,2016085,2005,'2016-01-18'),(186,2016086,2005,'2016-01-18'),(187,2016087,2005,'2016-01-18'),(188,2016088,2005,'2016-01-18'),(189,2016089,2005,'2016-01-18'),(190,2016090,2005,'2016-01-18'),(191,2016091,2005,'2016-01-18'),(192,2016092,2005,'2016-01-18'),(193,2016093,2005,'2016-01-18'),(194,2016094,2005,'2016-01-18'),(195,2016095,2005,'2016-01-18'),(196,2016096,2005,'2016-01-18'),(197,2016097,2005,'2016-01-18'),(198,2016098,2005,'2016-01-18'),(199,2016099,2005,'2016-01-18'),(200,2016100,2005,'2016-01-18'),(201,2016001,2003,'2016-01-15'),(202,2016002,2003,'2016-01-15'),(203,2016003,2003,'2016-01-15'),(204,2016004,2003,'2016-01-15'),(205,2016005,2003,'2016-01-15'),(206,2016006,2003,'2016-01-15'),(207,2016007,2003,'2016-01-15'),(208,2016008,2003,'2016-01-15'),(209,2016009,2003,'2016-01-15'),(210,2016010,2003,'2016-01-15'),(211,2016011,2003,'2016-01-15'),(212,2016012,2003,'2016-01-15'),(213,2016013,2003,'2016-01-15'),(214,2016014,2003,'2016-01-15'),(215,2016015,2003,'2016-01-15'),(216,2016016,2003,'2016-01-15'),(217,2016017,2003,'2016-01-15'),(218,2016018,2003,'2016-01-15'),(219,2016019,2003,'2016-01-15'),(220,2016020,2003,'2016-01-16'),(221,2016021,2003,'2016-01-16'),(222,2016022,2003,'2016-01-16'),(223,2016023,2003,'2016-01-16'),(224,2016024,2003,'2016-01-16'),(225,2016025,2003,'2016-01-16'),(226,2016026,2003,'2016-01-16'),(227,2016027,2003,'2016-01-16'),(228,2016028,2003,'2016-01-16'),(229,2016029,2003,'2016-01-16'),(230,2016030,2003,'2016-01-16'),(231,2016031,2003,'2016-01-16'),(232,2016032,2003,'2016-01-16'),(233,2016033,2003,'2016-01-16'),(234,2016034,2003,'2016-01-16'),(235,2016035,2003,'2016-01-16'),(236,2016036,2003,'2016-01-16'),(237,2016037,2003,'2016-01-16'),(238,2016038,2003,'2016-01-16'),(239,2016039,2003,'2016-01-16'),(240,2016040,2003,'2016-01-16'),(241,2016041,2003,'2016-01-16'),(242,2016042,2003,'2016-01-16'),(243,2016043,2003,'2016-01-16'),(244,2016044,2003,'2016-01-16'),(245,2016045,2003,'2016-01-16'),(246,2016046,2003,'2016-01-16'),(247,2016047,2003,'2016-01-16'),(248,2016048,2003,'2016-01-16'),(249,2016049,2003,'2016-01-16'),(250,2016050,2003,'2016-01-16'),(251,2016051,2006,'2016-01-17'),(252,2016052,2006,'2016-01-17'),(253,2016053,2006,'2016-01-17'),(254,2016054,2006,'2016-01-17'),(255,2016055,2006,'2016-01-17'),(256,2016056,2006,'2016-01-17'),(257,2016057,2006,'2016-01-17'),(258,2016058,2006,'2016-01-17'),(259,2016059,2006,'2016-01-17'),(260,2016060,2006,'2016-01-17'),(261,2016061,2006,'2016-01-17'),(262,2016062,2006,'2016-01-17'),(263,2016063,2006,'2016-01-17'),(264,2016064,2006,'2016-01-17'),(265,2016065,2006,'2016-01-17'),(266,2016066,2006,'2016-01-17'),(267,2016067,2006,'2016-01-17'),(268,2016068,2006,'2016-01-17'),(269,2016069,2006,'2016-01-17'),(270,2016070,2006,'2016-01-17'),(271,2016071,2006,'2016-01-17'),(272,2016072,2006,'2016-01-17'),(273,2016073,2006,'2016-01-17'),(274,2016074,2006,'2016-01-17'),(275,2016075,2006,'2016-01-17'),(276,2016076,2006,'2016-01-17'),(277,2016077,2006,'2016-01-17'),(278,2016078,2006,'2016-01-18'),(279,2016079,2006,'2016-01-18'),(280,2016080,2006,'2016-01-18'),(281,2016081,2006,'2016-01-18'),(282,2016082,2006,'2016-01-18'),(283,2016083,2006,'2016-01-18'),(284,2016084,2006,'2016-01-18'),(285,2016085,2006,'2016-01-18'),(286,2016086,2006,'2016-01-18'),(287,2016087,2006,'2016-01-18'),(288,2016088,2006,'2016-01-18'),(289,2016089,2006,'2016-01-18'),(290,2016090,2006,'2016-01-18'),(291,2016091,2006,'2016-01-18'),(292,2016092,2006,'2016-01-18'),(293,2016093,2006,'2016-01-18'),(294,2016094,2006,'2016-01-18'),(295,2016095,2006,'2016-01-18'),(296,2016096,2006,'2016-01-18'),(297,2016097,2006,'2016-01-18'),(298,2016098,2006,'2016-01-18'),(299,2016099,2006,'2016-01-18'),(300,2016100,2006,'2016-01-18');
/*!40000 ALTER TABLE `asigna` ENABLE KEYS */;
UNLOCK TABLES;

--
-- Table structure for table `cursos`
--

DROP TABLE IF EXISTS `cursos`;
/*!40101 SET @saved_cs_client     = @@character_set_client */;
/*!50503 SET character_set_client = utf8mb4 */;
CREATE TABLE `cursos` (
  `idcursos` int NOT NULL,
  `nombre` varchar(65) DEFAULT NULL,
  `precio` decimal(10,0) DEFAULT NULL,
  PRIMARY KEY (`idcursos`),
  KEY `nombre_indice` (`nombre`)
) ENGINE=InnoDB DEFAULT CHARSET=utf8mb3;
/*!40101 SET character_set_client = @saved_cs_client */;

--
-- Dumping data for table `cursos`
--

LOCK TABLES `cursos` WRITE;
/*!40000 ALTER TABLE `cursos` DISABLE KEYS */;
INSERT INTO `cursos` VALUES (2001,'Administración de Redes 1',1600),(2002,'Administración de Sistemas de Información',1400),(2003,'Administración de Ventas',1200),(2004,'Administración Financiera 1',1100),(2005,'Administración Financiera 2',1400),(2006,'Administración Financiera 3',1600),(2007,'Administración Financiera Pública 1',1700),(2008,'Administración Financiera Pública 2',1800),(2009,'Alimentos y Bebidas',1600),(2010,'Análisis de Sistemas 1',1400),(2011,'Análisis de Sistemas 2',1200),(2012,'Análisis Final 3',1100),(2013,'Análisis Financiero de Empresas Turísticas y Hoteleras',1400),(2014,'Análisis, Descripción y Valuación de Puestos',1600),(2015,'Arquitectura de Hardware',1700),(2016,'Arquitectura de Hardware',1600),(2017,'Arquitectura de Software y Hardware',1400),(2018,'Automatización de Oficinas',1200),(2019,'Automatización de Oficinas 1',1100),(2020,'Automatización de Oficinas 3',1400),(2021,'Automatización de Oficinas 4',1600),(2022,'Base de Datos 1',1700),(2023,'Base de Datos 2',1800),(2024,'Base de Datos 3',1600),(2025,'Calidad Total y Superservicio',1400),(2026,'Contabilidad Aplicada',1200),(2027,'Contabilidad Aplicada',1100),(2028,'Contabilidad General',1400),(2029,'Contabilidad Gerencial 1',1600),(2030,'Contabilidad Gerencial 2',1700),(2031,'Contabilidad Integrada',1800),(2032,'Contabilidad Integrada',1600),(2033,'Control de Proyectos',1400),(2034,'Control y Evaluación de Proyectos 1',1200),(2035,'Control y Evaluación de Proyectos 2',1100),(2036,'Creación Empresarial',1400),(2037,'Derecho',1600),(2038,'Derecho Administrativo y Mercantil',1700),(2039,'Desarrollo de Productos',1800),(2040,'Desarrollo Organizacional',1600),(2041,'Diseño de Redes',1400),(2042,'Diseño de Sistemas de Hardware',1200),(2043,'Diseño de Sistemas de Hardware',1100),(2044,'Diseño de Sistemas de Software',1400),(2045,'Economía 1',1600),(2046,'Economía 2',1700),(2047,'Economía 3',1600),(2048,'Economía de Mercado',1400),(2049,'Elaboración de Presupuestos',1200),(2050,'Electricidad Básica',1100),(2051,'Electrónica Básica',1400),(2052,'Empresa',1600),(2053,'Empresa 3',1700),(2054,'Empresa 4',1800),(2055,'Empresa Pública',1600),(2056,'Empresas de Servicio',1400),(2057,'Empresas de Telecomunicaciones',1200),(2058,'Estadística Aplicada',1100),(2059,'Estadística General',1400),(2060,'Evaluación de Proyectos',1600),(2061,'Evaluación del Desempeño',1700),(2062,'Evaluación del Proyecto de Automatización de Oficinas',1600),(2063,'Evaluación del Proyecto Integrado',1400),(2064,'Fijacion de Precios',1200),(2065,'Filosofía de Economía 1',1100),(2066,'Finanzas',1400),(2067,'Finanzas 1',1600),(2068,'Finanzas 2',1700),(2069,'Finanzas de Negocios',1800),(2070,'Fundamentos Contables',1600),(2071,'Fundamentos de Agencias de Viajes',1400),(2072,'Fundamentos de Análisis de Sistemas',1200),(2073,'Fundamentos de Derecho 1',1100),(2074,'Fundamentos de Derecho 2',1400),(2075,'Fundamentos de Mundo Maya',1600),(2076,'Fundamentos de Política Nacional e Internacional de Turismo',1700),(2077,'Fundamentos de Recursos Humanos',1600),(2078,'Fundamentos de Recursos Humanos y Gerencia',1400),(2079,'Fundamentos del Derecho',1200),(2080,'Geografía Mundial',1100),(2081,'Hardware 1',1400),(2082,'Hardware 2',1600),(2083,'Hardware 2',1700),(2084,'Informática Aplicada',1800),(2085,'Introducción a las Telecomunicaciones 1',1600),(2086,'Introducción a las Telecomunicaciones 2',1400),(2087,'Investigación de Mercado',1200),(2088,'Investigación de Mercados Turísticos',1100),(2089,'Legislación Guatemalteca',1400),(2090,'Legislación Laboral y Cálculo de Salarios',1600),(2091,'Manejo de Paquetes de Software 1',1700),(2092,'Manejo de Paquetes de Software 2',1800),(2093,'Manejo de Paquetes de Software 3',1600),(2094,'Matemática 1',1400),(2095,'Matemática 2',1200),(2096,'Matemática Aplicada',1100),(2097,'Matemática Financiera 1',1400),(2098,'Matemática Financiera 2',1600),(2099,'Matemática General',1700),(2100,'Administración de Redes',1800),(2101,'Sistemas de Información Gerencial',1600),(2102,'Ventas',1400),(2103,'Finanzas Administrativas 1',1200),(2104,'Finanzas Administrativas 2',1100),(2105,'Finanzas Administrativas 3',1400),(2106,'Administración Financiera en el Sector Público 1',1600),(2107,'Administración Financiera en el Sector Público 2',1700),(2108,'Fundamentos de Alimentos y Bebidas',1600),(2109,'Automatización de Procesos Administrativos 2',1400),(2110,'Automatización de Procesos Administrativos 3',1200),(2111,'Herramientas de Negociación',1100),(2112,'Análisis Financiero de Proyectos Turísticos',1400),(2113,'Análisis y Descripción de Puestos y Valuación de Puestos',1600),(2114,'Tecnología de Software y Hardware',1700),(2115,'Arquitectura de Software y Hardware',1800),(2116,'Tecnología de Software y Hardware',1600),(2117,'Automatización de Procesos Administrativos 1',1400),(2118,'Automatización de Procesos Administrativos 1',1200),(2119,'Automatización de Procesos Administrativos 2',1100),(2120,'Automatización de Procesos Administrativos 3',1400),(2121,'Base de Datos',1600),(2122,'Tecnología 1',1700),(2123,'Tecnología 2',1800),(2124,'Superservición y Procedimientos Hoteleros',1600),(2125,'Contabilidad Gerencial 2',1400),(2126,'Contabilidad Para Administradores 3',1200),(2127,'Contabilidad Para Administradores 1',1100),(2128,'Contabilidad Para Administradores 2',1400),(2129,'Contabilidad Para Administradores 3',1600),(2130,'Contabilidad Gerencial 2',1700),(2131,'Contabilidad Para Administradores 3',1800),(2132,'Implementación y Evaluación Administrativa 1',1600),(2133,'Implementación y Evaluación Administrativa 1',1400),(2134,'Implementación y Evaluación Administrativa 2',1200),(2135,'Creación Empresarial 1 y Creación Empresarial 2',1100),(2136,'Derecho Empresarial 1',1400),(2137,'Derecho Empresarial 1 y Derecho Empresarial 2',1600),(2138,'Desarrollo y Adaptación de Productos',1700),(2139,'Teorías Organizacionales',1600),(2140,'Redes Informáticas',1400),(2141,'Tecnología de Software y Hardware',1200),(2142,'Arquitectura de Software y Hardware',1100),(2143,'Administración Web',1400),(2144,'Fundamentos Económicos',1600),(2145,'Proceso de Mercado',1700),(2146,'Economía Monetaria',1800),(2147,'Proceso de Mercado',1600),(2148,'Presupuestos',1400),(2149,'Electricidad e Instalaciones Electricas',1200),(2150,'Electrónica General',1100),(2151,'Empresa 1 y Empresa 2',1400),(2152,'Negocios Internacionales 1 y Negocios Internacionales 2',1600),(2153,'Mercados de Capital',1700),(2154,'Empresa Pública 1',1800),(2155,'Empresa Pública 1 y Administración Municipal',1600),(2156,'Administración de Negocios de Telecomunicaciones',1400),(2157,'Estadística Aplicada 2',1200),(2158,'Estadística Aplicada 1',1100),(2159,'Implementación y Evaluación Administrativa 2',1400),(2160,'Evaluación del Desempeño 1 y Evaluación del Desempeño 2',1600),(2161,'Automatización de Procesos Administrativos, Casos',1700),(2162,'Empresariales',1800),(2163,'Automatización de Procesos Administrativos, Casos',1600),(2164,'Empresariales',1400),(2165,'Análisis y Fijación de Precios',1200),(2166,'Fundamentos Económicos',1100),(2167,'Finanzas Administrativas 3',1400),(2168,'Finanzas Administrativas 1',1600),(2169,'Finanzas Administrativas 2',1700),(2170,'Finanzas Administrativas 3',1600),(2171,'Contabilidad para Administradores 1',1400),(2172,'Procedimientos de Agencias de Viaje',1200),(2173,'Automatización de Procesos Administrativos 2',1100),(2174,'Derecho Empresarial 1',1400),(2175,'Derecho Empresarial 2',1600),(2176,'Seminario del Mundo Maya',1700),(2177,'Seminario de Protocolo y Etiqueta',1800),(2178,'Administración de Recursos Humanos',1600),(2179,'Administración de Recursos Humanos',1400),(2180,'Derecho Empresarial 1',1200),(2181,'Geografía Turística Mundial',1100),(2182,'Administración Web',1400),(2183,'Tecnología de Software y Hardware',1600),(2184,'Arquitectura de Software y Hardware',1700),(2185,'Tecnología Aplicada',1600),(2186,'Telecomunicaciones 1',1400),(2187,'Telecomunicaciones 2',1200),(2188,'Investigación de Mercados 1 e Investigación de Mercados 2',1100),(2189,'Fundamentos de Mercadeo Turístico 1 y Fundamentos de',1400),(2190,'Mercadeo Turístico 2',1600),(2191,'Derecho Empresarial 2',1700),(2192,'Legislación Laboral y Calculo de Compensaciones y',1800),(2193,'Prestaciones Laborales',1600),(2194,'Paquetes de Software 1',1400),(2195,'Paquetes de Software 2',1200),(2196,'Paquetes de Software 3',1100),(2197,'Matemática Aplicada 1',1400),(2198,'Matemática Aplicada 2',1600),(2199,'Matemática Aplicada 2',1700),(2200,'Matemática Aplicada 1',1600),(2201,'Matemática Aplicada 2',1400),(2202,'Matemática Aplicada 1',1200),(2203,'Mercadotecnia Aplicada',1100),(2204,'Mercadotecnia General',1400),(2205,'Mercadotecnia Internacional',1600),(2206,'Modelos de la Acción Política 1',1700),(2207,'Modelos de la Acción Política 2',1800),(2208,'Modelos Gerenciales',1600),(2209,'Moneda y Banca',1400),(2210,'Negocios Internacionales',1200),(2211,'Organización Municipal',1100),(2212,'Organización Pública',1400),(2213,'Organización y Métodos',1600),(2214,'Paquetes de Software',1700),(2215,'Plan de Mercadeo',1800),(2216,'Planificación de la Distribución Física',1600),(2217,'Planificación Estratégica 1',1400),(2218,'Planificación Estratégica 2',1200),(2219,'Postulados Económicos',1100),(2220,'Postulados Fundamentales de Administración de Personal',1400),(2221,'Postulados Fundamentales de Administración de Recursos',1600),(2222,'Humanos 1',1700),(2223,'Postulados Fundamentales de Administración de Recursos',1800),(2224,'Humanos 2',1600),(2225,'Pre-seminario de Problemas Turísticos',1400),(2226,'Presupuestos',1200),(2227,'Principios de Programación',1100),(2228,'Proceso Económico',1400),(2229,'Proceso Económico 1',1600),(2230,'Proceso Económico 2',1700),(2231,'Proceso Económico 3',1600),(2232,'Proceso Económico 4',1400),(2233,'Proceso y Gestiones Empresariales 1 (Gerencia)',1200),(2234,'Proceso y Gestiones Empresariales 2 (Finanzas)',1100),(2235,'Producción Publicitaria',1400),(2236,'Producción Publicitaria',1600),(2237,'Protocolos 1',1700),(2238,'Protocolos 1',1800),(2239,'Protocolos 2',1600),(2240,'Protocolos 2',1400),(2241,'Protocolos 3',1200),(2242,'Proyectos de Administración Publica',1100),(2243,'Proyectos de Negocios',1400),(2244,'Pruebas Psicométricas',1600),(2245,'Psicología del Consumidor',1700),(2246,'Publicidad 1',1800),(2247,'Publicidad 2',1600),(2248,'Radio y Satélites',1400),(2249,'Radio y Satélites',1200),(2250,'Recursos Humanos',1100),(2251,'Recursos Humanos 1',1400),(2252,'Reingeniería y Calidad Total',1600),(2253,'Salud y Seguridad',1700),(2254,'Seminario de Auditoría de las Telecomunicaciones',1800),(2255,'Seminario de Auditoría de las Telecomunicaciones',1600),(2256,'Seminario de Ética y Administración de Recursos Humanos',1400),(2257,'Seminario de Gerencia de Telecomunicaciones',1200),(2258,'Seminario de Industria de las Telecomunicaciones',1100),(2259,'Seminario de Industria de las Telecomunicaciones',1400),(2260,'Seminario de Informática',1600),(2261,'Seminario de Problemas de Empresas Publicas',1700),(2262,'Seminario de Problemas de Informática',1600),(2263,'Seminario de Problemas de Informática',1400),(2264,'Seminario de Problemas de Informática para Administración',1200),(2265,'Municipal',1100),(2266,'Seminario de Problemas de Informática para Administración',1400),(2267,'Municipal',1600),(2268,'Seminario de Problemas de Mercadotecnia',1700),(2269,'Seminario de Problemas de Recursos Humanos',1800),(2270,'Seminario de Problemas Económicos',1600),(2271,'Seminario de Problemas Empresariales',1400),(2272,'Seminario de Solución de Problemas de Telecomunicaciones',1200),(2273,'Seminario de Tecnología de las Telecomunicaciones',1100),(2274,'Seminario de Tecnología de las Telecomunicaciones',1400),(2275,'Seminario de Tecnología de Hardware',1600),(2276,'Seminario de Tecnología de Hardware',1700),(2277,'Seminario de Tecnología de Software',1800),(2278,'Seminario de Tecnologías de Vanguardia en',1600),(2279,'Telecomunicaciones',1400),(2280,'Sistemas de Información',1200),(2281,'Sistemas de Información 1',1100),(2282,'Sistemas de Información 1',1400),(2283,'Sistemas de Información 2',1600),(2284,'Sistemas de Información Gerencial 1',1700),(2285,'Sistemas de Información Gerencial 1',1800),(2286,'Sistemas de Información Gerencial 2',1600),(2287,'Sistematización de Oficinas',1400),(2288,'Superservicio',1200),(2289,'Técnicas de Investigación y Elaboración de Proyectos',1100),(2290,'Tecnología de Software y Hardware',1400),(2291,'Telecomunicaciones 1',1600),(2292,'Telecomunicaciones 2',1700),(2293,'Telecomunicaciones 3',1600),(2294,'Teoría Administrativa 1',1400),(2295,'Teoría Administrativa 2',1200),(2296,'Teoría de la Administración Pública',1100),(2297,'Teoría Gerencial 1',1400),(2298,'Teoría Gerencial 2',1600),(2299,'Teoría Gerencial 3',1700),(2300,'Toma de Decisiones',1800),(2301,'Toma de Decisiones Administración Gerencial',1600),(2302,'Toma de Decisiones Administración Gerencial',1400),(2303,'Mercadeo Estratégico',1200),(2304,'Fundamentos de Mercadeo',1100),(2305,'Seminario de Mercadotecnia Internacional',1400),(2306,'Herramientas de Negociación',1600),(2307,'Análisis Económico de la Región',1700),(2308,'Proyectos Empresariales 2',1600),(2309,'Economía Monetaria',1400),(2310,'Negocios Internacionales 1 y Negocios Internacionales 2',1200),(2311,'Administración Municipal',1100),(2312,'Teoría de la Administración Pública 1 y Teoría de la',1400),(2313,'Administración Pública 2',1600),(2314,'Administración Moderna 1',1700),(2315,'Paquetes de Software 3',1800),(2316,'Plan de Marketing',1600),(2317,'Canales de Distribución',1400),(2318,'Planeación Estrategica',1200),(2319,'Toma de Decisiones, Casos Empresariales',1100),(2320,'Fundamentos Económicos',1400),(2321,'Administración de Recursos Humanos',1600),(2322,'Administración de Recursos Humanos',1700),(2323,'Negociación',1600),(2324,'Análisis Financiero de Proyectos Turísticos',1400),(2325,'Presupuesto Público',1200),(2326,'Programación Básica',1100),(2327,'Fundamentos Económicos',1400),(2328,'Fundamentos Económicos',1600),(2329,'Proceso de Mercado',1700),(2330,'Economía Monetaria',1800),(2331,'Análisis Económico de la Región',1600),(2332,'Toma de Decisiones, Casos Empresariales',1400),(2333,'Finanzas Administrativas 3',1200),(2334,'Publicidad 1 y Publicidad 2',1100),(2335,'Publicidad y Promoción 1',1400),(2336,'Introducción a las Telecomunicaciones 1',1600),(2337,'Protocolos de Telecomunicaciones',1700),(2338,'Introducción a las Telecomunicaciones 2',1800),(2339,'Protocolos de Telecomunicaciones',1600),(2340,'Protocolos de Telecomunicaciones',1400),(2341,'Empresa Pública 3',1200),(2342,'Administración de Negocios',1100),(2343,'Pruebas Psicométricas 1 y Pruebas Psicométricas 2',1400),(2344,'Comportamiento del Consumidor',1600),(2345,'Publicidad y Promoción 1',1700),(2346,'Publicidad y Promoción 2',1800),(2347,'Introducción a las Telecomunicaciones 2',1600),(2348,'Telecomunicaciones 2',1400),(2349,'Administración de Recursos Humanos',1200),(2350,'Administración de Recursos Humanos',1100),(2351,'Proyectos Empresariales 1',1400),(2352,'Salud y Seguridad y Procedimientos de Alimentos y Bebidas',1600),(2353,'Seminario de Tecnologías de Vanguardia en',1700),(2354,'Telecomunicaciones',1600),(2355,'Telecomunicaciones de Nueva Generación',1400),(2356,'Negociación',1200),(2357,'Seminario de Gerencia',1100),(2358,'Seminario de Tecnologías de Vanguardia en',1400),(2359,'Telecomunicaciones',1600),(2360,'Telecomunicaciones de Nueva Generación',1700),(2361,'Seminario de Tecnología',1800),(2362,'Seminario de Empresas Públicas',1600),(2363,'Seminario de Informática',1400),(2364,'Seminario de Tecnología',1200),(2365,'Seminario de Informática',1100),(2366,'Seminario de Tecnología',1400),(2367,'Seminario de Mercadotecnia',1600),(2368,'Seminario de Recursos Humanos',1700),(2369,'Seminario de Gerencia',1800),(2370,'Seminario Empresarial',1600),(2371,'Seminario de Telecomunicaciones',1400),(2372,'Seminario de Tecnologías de Vanguardia en',1200),(2373,'Telecomunicaciones',1100),(2374,'Telecomunicaciones de Nueva Generación',1400),(2375,'Tecnología de Software y Hardware',1600),(2376,'Arquitectura de Software y Hardware',1700),(2377,'Administración Web',1800),(2378,'Telecomunicaciones de Nueva Generación',1600),(2379,'Sistemas de Información Gerencial',1400),(2380,'Toma de Decisiones',1200),(2381,'Toma de Decisiones, Casos Empresariales',1100),(2382,'Sistemas de Información Gerencial',1400),(2383,'Toma de Decisiones',1600),(2384,'Toma de Decisiones, Casos Empresariales',1700),(2385,'Sistemas de Información Gerencial',1600),(2386,'Automatización de Procesos Administrativos 3',1400),(2387,'Superservicio y Procedimientos Hoteleros',1200),(2388,'Técnicas de Investigación',1100),(2389,'Arquitectura de Software y Hardware',1400),(2390,'Introducción a las Telecomunicaciones 1',1600),(2391,'Introducción a las Telecomunicaciones 2',1700),(2392,'Telecomunicaciones 3',1800),(2393,'Administración Moderna 1',1600),(2394,'Administración Moderna 2',1400),(2395,'Teoría de la Administración Pública 1 y Teoría de la',1200),(2396,'Administración Pública 2',1100),(2397,'Administración 1',1400),(2398,'Administración 2',1600),(2399,'Herramientas de Negociación',1700),(2400,'Toma de Decisiones Casos Empresariales',1800),(2401,'Toma de Decisiones',1600),(2402,'Toma de Decisiones Casos, Empresariales',1400),(2403,'Elementos estadísticos I',1500);
/*!40000 ALTER TABLE `cursos` ENABLE KEYS */;
UNLOCK TABLES;

--
-- Table structure for table `estudiantes`
--

DROP TABLE IF EXISTS `estudiantes`;
/*!40101 SET @saved_cs_client     = @@character_set_client */;
/*!50503 SET character_set_client = utf8mb4 */;
CREATE TABLE `estudiantes` (
  `carnet` int NOT NULL,
  `nombres` varchar(45) DEFAULT NULL,
  `apellidos` varchar(45) DEFAULT NULL,
  `correo` varchar(45) DEFAULT NULL,
  `estatus` varchar(8) DEFAULT NULL,
  PRIMARY KEY (`carnet`),
  UNIQUE KEY `carnet_indice` (`carnet`)
) ENGINE=InnoDB DEFAULT CHARSET=utf8mb3;
/*!40101 SET character_set_client = @saved_cs_client */;

--
-- Dumping data for table `estudiantes`
--

LOCK TABLES `estudiantes` WRITE;
/*!40000 ALTER TABLE `estudiantes` DISABLE KEYS */;
INSERT INTO `estudiantes` VALUES (2016001,'TANIA ANABEL','CAJAMARCA ALVEAR','tanicaja@gmail.com',NULL),(2016002,'MARÍA GABRIELA','OCHOA FAJARDO','maríocho@gmail.com',NULL),(2016003,'JENNY DOLORES','JIMENEZ PINTADO','jennjime@gmail.com',NULL),(2016004,'WILLIAN MARCELO','PERALTA IZQUIERDO','willpera@gmail.com',NULL),(2016005,'CHRISTIAN SANTIAGO','SANCHEZ ESPINOZA','chrisanc@gmail.com',NULL),(2016006,'MYRIAM DALILA','ROMERO PINEDA','myrirome@gmail.com',NULL),(2016007,'ADRIANA ELIZABETH','ESPINOZA LOJA','adriespi@gmail.com',NULL),(2016008,'MARTHA VIRGINIA','MORA QUIZHPI','martmora@gmail.com',NULL),(2016009,'XIMENA ALEXANDRA','SORIA ORELLANA','ximesori@gmail.com',NULL),(2016010,'MIRIAM PAOLA','MACHUCA PALACIOS','mirimach@gmail.com',NULL),(2016011,'CARMEN ELIZABETH','LUCERO NOVILLO','carmluce@gmail.com',NULL),(2016012,'MARIXA NOEMÍ','MALDONADO PÉREZ','marimald@gmail.com',NULL),(2016013,'ANA LUCIA','CAMPOS ORELLANA','ana camp@gmail.com',NULL),(2016014,'NORMA SULEMA','RAMOS VACACELA','normramo@gmail.com',NULL),(2016015,'JAIME RAMIRO','SILVA VERDEZOTO','jaimsilv@gmail.com',NULL),(2016016,'JUAN CARLOS','PILCO MUÑOZ','juanpilc@gmail.com',NULL),(2016017,'MARCO VINICIO','AIMACAÑA HINOJOSA','marcaima@gmail.com',NULL),(2016018,'DOUGLAS SANTIAGO','PAREDES LITUMA','dougpare@gmail.com',NULL),(2016019,'ELIO ANTONIO','GALARZA GALLARDO','eliogala@gmail.com',NULL),(2016020,'CARLOS JACINTO','CÁCERES JIMENEZ','carlcáce@gmail.com',NULL),(2016021,'JORGE DANIEL','LUCAS MARTINEZ','jorgluca@gmail.com',NULL),(2016022,'YVETTE TAMARA','LANATA CAMPOVERDE','yvetlana@gmail.com',NULL),(2016023,'WILLIAN MANUEL','RODRIGUEZ NEIRA','willrodr@gmail.com',NULL),(2016024,'MARÍA VERÓNICA','VEGA RUGEL','marívega@gmail.com',NULL),(2016025,'PEDRO GUILLERMO','CEVALLOS OBANDO','pedrceva@gmail.com',NULL),(2016026,'ÁNGEL GABRIEL','BAÑO SANCHEZ','ángebaño@gmail.com',NULL),(2016027,'HARPER','IVAN HUGHES','harpivan@gmail.com',NULL),(2016028,'MILITZA DANELI','ALVARADO BURAU','milialva@gmail.com',NULL),(2016029,'ÁNGELA KARINA','MARIDUEÑA CASTRO','ángemari@gmail.com',NULL),(2016030,'JUAN PABLO','LARA RAMIREZ','juanlara@gmail.com',NULL),(2016031,'ANDRÉS ALBERTO','RODRÍGUEZ CAAMANO','andrrodr@gmail.com',NULL),(2016032,'HEINZ JAVIER','ZAMBRANO PILCO','heinzamb@gmail.com',NULL),(2016033,'DANIEL JOSÉ','JARAMILLO OSPINA','danijara@gmail.com',NULL),(2016034,'MARTHA MARGOTH','CALLE YEPEZ','martcall@gmail.com',NULL),(2016035,'JUAN CARLOS','ORTEGA GUERRERO','juanorte@gmail.com',NULL),(2016036,' JUDITH ANDREA',' SALAZAR PEÑA',' jud sal@gmail.com',NULL),(2016037,'DIANA PATRICIA','BASTIDAS JIMENEZ','dianbast@gmail.com',NULL),(2016038,'VÍCTOR MAURICIO','SANAFRIA VASQUEZ','víctsana@gmail.com',NULL),(2016039,'MARÍA LUISA','FLORES HUIRACOCHA','maríflor@gmail.com',NULL),(2016040,'EDUARDO FRANCISCO','GONZALEZ MALLA','eduagonz@gmail.com',NULL),(2016041,'NÉSTOR WILFRIDO','ORTEGA LEMA','néstorte@gmail.com',NULL),(2016042,'SILVIA ALEXANDRA','ZAMBRANO CARRANZA','silvzamb@gmail.com',NULL),(2016043,'MARÍA BELÉN','BAÑOS COELLO','maríbaño@gmail.com',NULL),(2016044,'MARCIA BELÉN','GARCÍA PAUCAR','marcgarc@gmail.com',NULL),(2016045,'GABRIELA JACQUELINE','GALEAS ARBOLEDA','gabrgale@gmail.com',NULL),(2016046,'EDUARDO ALBERTO','BASTIDAS VERA','eduabast@gmail.com',NULL),(2016047,'GALO HUMBERTO','BRAVO CLAVIJO','galobrav@gmail.com',NULL),(2016048,'CARLOS ENRIQUE','IZQUIERDO SAMANIEGO','carlizqu@gmail.com',NULL),(2016049,'JOC OSCAR','CEDEÑO RENGIFO','joc cede@gmail.com',NULL),(2016050,'FLORA MARIA','ZIBAS PAGE','florziba@gmail.com',NULL),(2016051,'ROSALYN YAHAIRA','CEDEÑO ZAMBRANO','rosacede@gmail.com',NULL),(2016052,'GABRIELA MATILDE','REVELLI VELASCO','gabrreve@gmail.com',NULL),(2016053,'RAUL FERNANDO','MIRANDA MARIÑO','raulmira@gmail.com',NULL),(2016054,'MATEO EFRÉN','CUARAN CAGUASANGO','matecuar@gmail.com',NULL),(2016055,'MARIA ELIZABETH','PONCE COSTALES','mariponc@gmail.com',NULL),(2016056,'VILMA NATALY','HUILLCA CHAFLA','vilmhuil@gmail.com',NULL),(2016057,'GLORIA MARINA','SIERRA MALDONADO','glorsier@gmail.com',NULL),(2016058,'JUAN PABLO','MOGROVEJO GOMEZCOELLO','juanmogr@gmail.com',NULL),(2016059,'CECILIA TERESA','BENITEZ GALARZA','cecibeni@gmail.com',NULL),(2016060,'EDWIN GERMÁN','LOJAN ZUÑIGA','edwiloja@gmail.com',NULL),(2016061,'MARÍA DEL CARMEN','COLLAGUAZO CHIPANTASHI','marícoll@gmail.com',NULL),(2016062,'ANABELA MELANIA','ARTEAGA GORDÓN','anabarte@gmail.com',NULL),(2016063,'NANCY CRISTINA','UQUILLAS JARAMILLO','nancuqui@gmail.com',NULL),(2016064,'MONICA YADIRA','SALAZAR CHICAIZA','monisala@gmail.com',NULL),(2016065,'FANNY JACQUELINE','VEGA MEDINA','fannvega@gmail.com',NULL),(2016066,'ANA KARINA','VÁSCONEZ ROBALINO','ana vásc@gmail.com',NULL),(2016067,'PAOLA XIMENA','GALEAS LEMA','paolgale@gmail.com',NULL),(2016068,'RENÉ RODRIGO','YANCHATIPÁN YANCHAGUANO','renéyanc@gmail.com',NULL),(2016069,'CRISTINA ELIZABETH','SALAZAR PAREDES','crissala@gmail.com',NULL),(2016070,'NANCY STEFANIE','ZAMBRANO FUENTES','nanczamb@gmail.com',NULL),(2016071,'MARIO RICARDO','BELTRÁN ORTÍZ','maribelt@gmail.com',NULL),(2016072,'VERÓNICA MICHELLE','MALDONADO TORRES','verómald@gmail.com',NULL),(2016073,'WILSON FROILÁN','CÁCERES CABRERA','wilscáce@gmail.com',NULL),(2016074,'VERÓNICA CECILIA','ATI CONCHA','veróati @gmail.com',NULL),(2016075,'CARLA FERNANDA','CADENA JARA','carlcade@gmail.com',NULL),(2016076,'CHRISTIAN RAÚL','GUILLÉN FIALLOS','chriguil@gmail.com',NULL),(2016077,'JUAN CARLOS','ORTEGA CARRERA','juanorte@gmail.com',NULL),(2016078,'SARA ANDREA','MALLAMA MALLAMA','saramall@gmail.com',NULL),(2016079,'MAURO DAVID','VILLACRÉS BENALCÁZAR','maurvill@gmail.com',NULL),(2016080,'ZOILA CORINA','GUARANGO FAJARDO','zoilguar@gmail.com',NULL),(2016081,'JOHN HERNÁN','TERÁN JÁCOME','johnterá@gmail.com',NULL),(2016082,'ÁNGEL FABRICIO','MATA CRUZ','ángemata@gmail.com',NULL),(2016083,'CATALINA MARIANA','MORENO MORENO','catamore@gmail.com',NULL),(2016084,'ALEXANDRA DEL ROCÍO','CEDILLO VANEGAS','alexcedi@gmail.com',NULL),(2016085,'MARITZA DE LOS ÁNGELES','ORTIZ PAREDES ','mariorti@gmail.com',NULL),(2016086,'JHONNY VINICIO','BENALCÁZAR BERMEO','jhonbena@gmail.com',NULL),(2016087,'LILIANA MARGARITA','BARBA QUINALUISA','lilibarb@gmail.com',NULL),(2016088,'SANDRA NOEMÍ','HIDALGO LAZO','sandhida@gmail.com',NULL),(2016089,'DIANA DEL CISNE','GONZALEZ SARANGO','diangonz@gmail.com',NULL),(2016090,'CESAR OSWALDO','MALDONADO ROMERO','cesamald@gmail.com',NULL),(2016091,'VIVIANA ELIZABETH','ESCALERAS ENCARNACION','viviesca@gmail.com',NULL),(2016092,'SILVANA MAGALY','DONOSO LÓPEZ','silvdono@gmail.com',NULL),(2016093,'MIREYA VICTORIA','ROMO GARCÍA','mireromo@gmail.com',NULL),(2016094,'TANYA ELIZABETH','PRECIADO ASANZA','tanyprec@gmail.com',NULL),(2016095,'MIGUEL ÁNGEL','MACIAS LOOR','migumaci@gmail.com',NULL),(2016096,'ADRIANA ELIZABETH','SOLANO OCHOA','adrisola@gmail.com',NULL),(2016097,'ROSA ELENA','NIOLA SANMARTÍN','rosaniol@gmail.com',NULL),(2016098,'LUIS JACOBO','MERO MERO','luismero@gmail.com',NULL),(2016099,'GALO FABRICIO','MORENO CALDERÓN','galomore@gmail.com',NULL),(2016100,'MARGARITA ELIZABETH','ROCHA CHASI','margroch@gmail.com',NULL),(2016101,'DIANA ELIZA','ARICHABALA VALLEJOS','dianaric@gmail.com',NULL),(2016102,'JOSE LUÍS','POMAVILLA PATIÑO','josepoma@gmail.com',NULL),(2016103,'RAHIZA LISSETTE','BURNEO GAJARDO','rahiburn@gmail.com',NULL),(2016104,'CARLOS HOMERO','CARRANZA BURGOS','carlcarr@gmail.com',NULL),(2016105,'ELIZABETH JAQUELINE','ZAMBRANO ACOSTA','elizzamb@gmail.com',NULL),(2016106,'VANESSA ALEXANDRA','CASTILLO CASTILLO','vanecast@gmail.com',NULL),(2016107,'MÁXIMO LENN','ORDOÑEZ ARELLANO','máxiordo@gmail.com',NULL),(2016108,'JIMMY JAVIER','PERLAZA ESTUPIÑÁN','jimmperl@gmail.com',NULL),(2016109,'GISSELA MABEL','GOROZABEL MONGE','gissgoro@gmail.com',NULL),(2016110,'MÓNICA DE LOURDES','ONTANEDA REA','mónionta@gmail.com',NULL),(2016111,'RAQUEL ALEXANDRA','VALDIVIESO VIDAL','raquvald@gmail.com',NULL),(2016112,'KARINA ELIZABETH','PEREIRA ARMIJOS','karipere@gmail.com',NULL),(2016113,'RENATO LENIN','GRANDA MARTÍNEZ','renagran@gmail.com',NULL),(2016114,'JAVIER FERNANDO','LITUMA AREVALO','javilitu@gmail.com',NULL),(2016115,'KARINA JESSICA','PINEDA VALENCIA','karipine@gmail.com',NULL),(2016116,'JAIRO RAMIRO','AGUIRRE BASTIDAS','jairagui@gmail.com',NULL),(2016117,'DIEGO PATRICIO','SUÁREZ PUCHAICELA','diegsuár@gmail.com',NULL),(2016118,'XIMENA ALEXANDRA','YANZA LEÓN','ximeyanz@gmail.com',NULL),(2016119,'MANUEL ÁNGEL','HERNÁNDEZ ROJAS','manuhern@gmail.com',NULL),(2016120,'MARÍA GENOVEVA','OLMEDO CARRIÓN','maríolme@gmail.com',NULL),(2016121,'VÍCTOR HUMBERTO','LOAIZA SÁNCHEZ','víctloai@gmail.com',NULL),(2016122,'MANUEL ALBERTO','ROBLES CASTILLO','manurobl@gmail.com',NULL),(2016123,'ANA CRISTINA','MORENO MIELES','ana more@gmail.com',NULL),(2016124,'WILVIO WILIULFO','RIVERA TRIVINO','wilvrive@gmail.com',NULL),(2016125,'JENRY VINICIO','ROBALINO CORONEL','jenrroba@gmail.com',NULL),(2016126,'DIEGO ARMANDO','RUILOVA NARVÁEZ','diegruil@gmail.com',NULL),(2016127,'FANNY LISSETTE','ABAD VILLAFUERTE','fannabad@gmail.com',NULL),(2016128,'TANIA GABRIELA','ATARIGUANA FAJARDO','taniatar@gmail.com',NULL),(2016129,'FAUSTO DAVID','ORTEGA YÁNEZ','fausorte@gmail.com',NULL),(2016130,'FREDDY NEPTALÍ','JARAMILLO ORTÍZ','fredjara@gmail.com',NULL),(2016131,'AGUIRRE ALARCÓN','CARLOS ALBERTO','aguicarl@gmail.com',NULL),(2016132,'INGRID EDITH','NAREA VELASCO','ingrnare@gmail.com',NULL),(2016133,'LUIS GERMÁN','ARANA ESCUDERO','luisaran@gmail.com',NULL),(2016134,'MORALES CUMBAL','LUIS GERMÁN','moraluis@gmail.com',NULL),(2016135,'NANCY PATRICIA','SIMBAÑA CRIOLLO','nancsimb@gmail.com',NULL),(2016136,'MARÍA BELEÉN','SÁNCHEZ QUISHPE','marísánc@gmail.com',NULL),(2016137,'JENNY PIEDAD','PAREDES FREIRE','jennpare@gmail.com',NULL),(2016138,'JULIO PATRICIO','VALLE FIALLOS','julivall@gmail.com',NULL),(2016139,'MARÍA JUDITH','ARCAYA ÁLVAREZ','maríarca@gmail.com',NULL),(2016140,'DIANA VICTORIA','QUITUISACA ORELLANA','dianquit@gmail.com',NULL),(2016141,'FANNY MARGARITA','NARVAEZ CAICEDO','fannnarv@gmail.com',NULL),(2016142,'KAREM VICTORIA','ROSALES VILLALVA','karerosa@gmail.com',NULL),(2016143,'PAÚL ESTEBAN','VILLA SANCHEZ','paúlvill@gmail.com',NULL),(2016144,'ANDREA ALEXANDRA','ANDRADE GARCÉS','andrandr@gmail.com',NULL),(2016145,'LUIS EUCLIDES','VILLAGOMEZ BAJANA','luisvill@gmail.com',NULL),(2016146,'GERONIMO DANIEL','ANCHUNDIA HOLGUÍN','geroanch@gmail.com',NULL),(2016147,'VERÓNICA ELIZABETH','MOSCOSO SOLÍS','verómosc@gmail.com',NULL),(2016148,'MARÍA JOSÉ','MOROCHO OROZCO','marímoro@gmail.com',NULL),(2016149,'JOSELUIS','ANDRADE IRRAZABAL','joseandr@gmail.com',NULL),(2016150,'DIEGO LEONARDO','AVENDAÑO SAQUISILÍ','diegaven@gmail.com',NULL),(2016151,'PATRICIA ALEXANDRA','SANTACRUZ CÓRDOVA','patrsant@gmail.com',NULL),(2016152,'RAFAEL JAMES','MONTÚFAR GARCÍA','rafamont@gmail.com',NULL),(2016153,'MARÍA TERESA','RIVERA PILLAJO','marírive@gmail.com',NULL),(2016154,'MÓNICA NATALIA','NARVAEZ POMAGUALLI','móninarv@gmail.com',NULL),(2016155,'DANIELA MARISA','ESTRELLA MORENO','daniestr@gmail.com',NULL),(2016156,'LUIS PATRICIO','ESPINOZA VILLA','luisespi@gmail.com',NULL),(2016157,'CARLOS ALBERTO','BARCIA MACAY','carlbarc@gmail.com',NULL),(2016158,'PAULINA MARÍA','GUANÍN BOLAÑOS','paulguan@gmail.com',NULL),(2016159,'MARIA ARACELY','ORTEGA MEDRANDA','mariorte@gmail.com',NULL),(2016160,'RODRIGO JAVIER','MANZANO PÉREZ','rodrmanz@gmail.com',NULL),(2016161,'IRMA INÉS','GAIBOR GARCÍA','irmagaib@gmail.com',NULL),(2016162,'EDISON FERNANDO','LÓPEZ LOJÁN','edislópe@gmail.com',NULL),(2016163,'SILVIA GIOBANY','RAMON MOTOCHE','silvramo@gmail.com',NULL),(2016164,'JAIRO ISRAEL','LOPEZ LOYOLA','jairlope@gmail.com',NULL),(2016165,'VÍCTOR EDUARDO','ROMERO CUEVA','víctrome@gmail.com',NULL),(2016166,'CARLO ANTONIO','QUIROLA GÓMEZ','carlquir@gmail.com',NULL),(2016167,'KAREN LISBETH','BETANCOURT LUDEÑA','karebeta@gmail.com',NULL),(2016168,'AMINTA NOEMÍ','SEGURA SALAZAR','aminsegu@gmail.com',NULL),(2016169,'HUGO HERNÁN','MONTAQUIZA TERÁN','hugomont@gmail.com',NULL),(2016170,'HENRY IVÁN','GUATEMAL CADENA','henrguat@gmail.com',NULL),(2016171,'JOVANY SANTIAGO','BRAVO GARZÓN','jovabrav@gmail.com',NULL),(2016172,'KAREN IVETTE','BRIONES CEDEÑO','karebrio@gmail.com',NULL),(2016173,'CINDY NATHALY','VERA MORALES','cindvera@gmail.com',NULL),(2016174,'JUAN CARLOS','CALLE ASTUDILLO','juancall@gmail.com',NULL),(2016175,'EDSON ISAAC','VASQUEZ RODRIGUEZ','edsovasq@gmail.com',NULL),(2016176,'SANTIAGO SERGIO','SOJOS ZAMBRANO','santsojo@gmail.com',NULL),(2016177,'PAU LISMAEL','SIGUENZA GARZÓN','pau sigu@gmail.com',NULL),(2016178,'JESSENIA MARÍA','ZAMBRANO ZAMBRANO','jesszamb@gmail.com',NULL),(2016179,'JERONIMO','BURGOS','jeroburg@gmail.com',NULL),(2016180,'ESTEFANIA','VILLEGAS','estevill@gmail.com',NULL),(2016181,'GUILLERMO','FERNANDEZ','guilfern@gmail.com',NULL),(2016182,'ELIANA','RAMIREZ','eliarami@gmail.com',NULL),(2016183,'JOSE','CARMONA','josecarm@gmail.com',NULL),(2016184,'MARCELA','DE SANTIS','marcde s@gmail.com',NULL),(2016185,'DANIELA','FRANCO','danifran@gmail.com',NULL),(2016186,'RAFAEL','CORTES','rafacort@gmail.com',NULL),(2016187,'CAMILO','BERRIO','camiberr@gmail.com',NULL),(2016188,'FRANCISCO','ARIAS','franaria@gmail.com',NULL),(2016189,'ANTONIO','MERIZALDE','antomeri@gmail.com',NULL),(2016190,'KAREN','RESTREPO','karerest@gmail.com',NULL),(2016191,'DAVID','LEMUS','davilemu@gmail.com',NULL),(2016192,'JAVIER','SANTANA','javisant@gmail.com',NULL),(2016193,'VIRGINIA','SALDARRIAGA','virgsald@gmail.com',NULL),(2016194,'SERGIO','POSADA','sergposa@gmail.com',NULL),(2016195,'JORGE','ZEA ','jorgzea @gmail.com',NULL),(2016196,'MARIANA','DIAZ ','maridiaz@gmail.com',NULL),(2016197,'ESTEBAN','GIRALDO','estegira@gmail.com',NULL),(2016198,'JORGE','IDARRAGA','jorgidar@gmail.com',NULL),(2016199,'ALEJANDRO','SIMANCA','alejsima@gmail.com',NULL),(2016200,'ANGELINA','PULGARIN','angepulg@gmail.com',NULL),(2016201,'BRENDA','AGUIRRE','brenagui@gmail.com',NULL),(2016202,'GLORIA','TAMAYO','glortama@gmail.com',NULL),(2016203,'ANDREA','CARMONA ','andrcarm@gmail.com',NULL),(2016204,'LUCERO','DIAZ ','lucediaz@gmail.com',NULL),(2016205,'ANGELA','ALZATE','angealza@gmail.com',NULL),(2016206,'FELIPE','ARANGO','feliaran@gmail.com',NULL),(2016207,'ELENA','GARCES','elengarc@gmail.com',NULL),(2016208,'CARMEN','URIBE','carmurib@gmail.com',NULL),(2016209,'DANIEL','OSPINA','daniospi@gmail.com',NULL),(2016210,'ALBERTO','PELÁEZ','albepelá@gmail.com',NULL),(2016211,'ELENA','PEREZ','elenpere@gmail.com',NULL),(2016212,'SEBASTIAN','CARMONA','sebacarm@gmail.com',NULL),(2016213,'OSCAR','CIFUENTES','oscacifu@gmail.com',NULL),(2016214,'SANTIAGO','JARAMILLO','santjara@gmail.com',NULL),(2016215,'LUIS','MELANO','luismela@gmail.com',NULL),(2016216,'TAMMY','MENDEZ','tammmend@gmail.com',NULL),(2016217,'TOMAS','RAMIREZ','tomarami@gmail.com',NULL),(2016218,'FELIPE','GIRANDO','feligira@gmail.com',NULL),(2016219,'PATRICIA','DIEZ','patrdiez@gmail.com',NULL),(2016220,'LUISA','SIERRA','luissier@gmail.com',NULL),(2016221,'SARA','VALLEJO','saravall@gmail.com',NULL),(2016222,'ALEXANDRA','GUERRERO','alexguer@gmail.com',NULL),(2016223,'LISA','GUERRA','lisaguer@gmail.com',NULL),(2016224,'ANA MARIA','RODRÍGUEZ ','ana rodr@gmail.com',NULL),(2016225,'SOFIA','MARULANDA','sofimaru@gmail.com',NULL),(2016226,'PAULA','PALACIO','paulpala@gmail.com',NULL),(2016227,'JESUS','BERMUDEZ','jesuberm@gmail.com',NULL),(2016228,'ROBERTA','TOLEDO','robetole@gmail.com',NULL),(2016229,'TATIANA','ARANGO','tatiaran@gmail.com',NULL),(2016230,'MELINA','ACEVEDO','meliacev@gmail.com',NULL),(2016231,'CRISTINA','COCK','criscock@gmail.com',NULL),(2016232,'MANUELA','CASADIEGOS','manucasa@gmail.com',NULL),(2016233,'ISABEL','SALAMANCA','isabsala@gmail.com',NULL),(2016234,'JUAN','ARANGO','juanaran@gmail.com',NULL),(2016235,'LUISA','GRANDA','luisgran@gmail.com',NULL),(2016236,'MONICA','ARANGO ','moniaran@gmail.com',NULL),(2016237,'FEDERICO','ARROYAVE','fedearro@gmail.com',NULL),(2016238,'DALIA','LEMOS','dalilemo@gmail.com',NULL),(2016239,'ANA','JARAMILLO','anajara@gmail.com',NULL),(2016240,'MARIA','LEMA','marilema@gmail.com',NULL),(2016241,'DIANA','CARO','diancaro@gmail.com',NULL),(2016242,'AMALIA','VERGARA','amalverg@gmail.com',NULL),(2016243,'JULIAN','DUQUE','juliduqu@gmail.com',NULL),(2016244,'MARITZA','MUÑOZ','marimuño@gmail.com',NULL),(2016245,'ANDRÉS','PELÁEZ','andrpelá@gmail.com',NULL),(2016246,'MIGUEL','SANCHEZ','migusanc@gmail.com',NULL),(2016247,'CAROLINA','CANO','carocano@gmail.com',NULL),(2016248,'JESSICA','MARQUEZ','jessmarq@gmail.com',NULL),(2016249,'SAMUEL','RICO','samurico@gmail.com',NULL),(2016250,'GUSTAVO','MENDEZ','gustmend@gmail.com',NULL),(2016251,'KARINA','JIMENEZ','karijime@gmail.com',NULL),(2016252,'JULIETH','OSORIO','juliosor@gmail.com',NULL),(2016253,'LINA','VILLAMIZAR','linavill@gmail.com',NULL),(2016254,'CARLOS','GOMEZ','carlgome@gmail.com',NULL),(2016255,'SIMÓN','GRACÍA','simógrac@gmail.com',NULL),(2016256,'MONICA','CASTRO','monicast@gmail.com',NULL),(2016257,'MELISA','URIBE','meliurib@gmail.com',NULL),(2016258,'ALEJANDRA','FLOREZ','alejflor@gmail.com',NULL),(2016259,'AMALIA','GUTIERREZ','amalguti@gmail.com',NULL),(2016260,'RAQUEL','MEDINA','raqumedi@gmail.com',NULL),(2016261,'GONZALO','BETANCUR','gonzbeta@gmail.com',NULL),(2016262,'SANTIAGO','BETANCURT','santbeta@gmail.com',NULL),(2016263,'ISABELLA','MARQUEZ','isabmarq@gmail.com',NULL),(2016264,'KARLA','MOLINA','karlmoli@gmail.com',NULL),(2016265,'HILDA','RODRIGUEZ','hildrodr@gmail.com',NULL),(2016266,'VICTORIA','HINCAPIE','victhinc@gmail.com',NULL),(2016267,'PABLO','ROJAS ','pablroja@gmail.com',NULL),(2016268,'PAMELA','SERNA','pamesern@gmail.com',NULL),(2016269,'STEPANIA','ZAPATA','stepzapa@gmail.com',NULL),(2016270,'MANUEL','TORO','manutoro@gmail.com',NULL),(2016271,'BARBARA','HENAO','barbhena@gmail.com',NULL),(2016272,'LEONARDO','VASQUEZ','leonvasq@gmail.com',NULL),(2016273,'JULIANA','CASTRILLÓN','julicast@gmail.com',NULL),(2016274,'DINARA','LOPEZ','dinalope@gmail.com',NULL),(2016275,'ELISA','MOTA','elismota@gmail.com',NULL),(2016276,'ALICIA','PEREZ','alicpere@gmail.com',NULL),(2016277,'CARLOS','POSADA','carlposa@gmail.com',NULL),(2016278,'MAURICIO','ARANGO','mauraran@gmail.com',NULL),(2016279,'ADRIANA','HOYOS','adrihoyo@gmail.com',NULL),(2016280,'MIGUEL','SUAREZ','migusuar@gmail.com',NULL),(2016281,'NATALIA','ARISTIZABAL','nataaris@gmail.com',NULL),(2016282,'CAMILA','DOMINGUEZ ','camidomi@gmail.com',NULL),(2016283,'SUSANA','RUIZ','susaruiz@gmail.com',NULL),(2016284,'CATHY','HIGUITA','cathhigu@gmail.com',NULL),(2016285,'CATALINA','OSORIO','cataosor@gmail.com',NULL),(2016286,'MARIANA','GOMEZ','marigome@gmail.com',NULL),(2016287,'JACOBO','BUSTOS','jacobust@gmail.com',NULL),(2016288,'GABRIEL','RODAS','gabrroda@gmail.com',NULL),(2016289,'SANDRA','CANO','sandcano@gmail.com',NULL),(2016290,'EVELYN','DIAZ ','eveldiaz@gmail.com',NULL),(2016291,'JUAN','HERNANDEZ ','juanhern@gmail.com',NULL),(2016292,'DAVID','JARAMILLO','davijara@gmail.com',NULL),(2016293,'ANTONIO','GARCIA','davgarc@hotmail.com',NULL),(2016294,'JOSE','MARTINEZ','antmart@hotmail.com',NULL),(2016295,'FRANCISCO','LOPEZ','joslope@hotmail.com',NULL),(2016296,'JUAN','SANCHEZ','frasanc@hotmail.com',NULL),(2016297,'MANUEL','GONZALEZ','juagonz@hotmail.com',NULL),(2016298,'PEDRO','GOMEZ','mangome@hotmail.com',NULL),(2016299,'JESUS','FERNANDEZ','pedfern@hotmail.com',NULL),(2016300,'ANGEL','MORENO','jesmore@hotmail.com',NULL),(2016301,'MIGUEL','JIMENEZ','angjime@hotmail.com',NULL),(2016302,'JAVIER','PEREZ','migpere@hotmail.com',NULL),(2016303,'JOSE ANTONIO','RODRIGUEZ','javrodr@hotmail.com',NULL),(2016304,'DAVID','NAVARRO','josnava@hotmail.com',NULL),(2016305,'CARLOS','RUIZ','davruiz@hotmail.com',NULL),(2016306,'JOSE LUIS','DIAZ','cardiaz@hotmail.com',NULL),(2016307,'ALEJANDRO','SERRANO','josserr@hotmail.com',NULL),(2016308,'MIGUEL ANGEL','HERNANDEZ','alehern@hotmail.com',NULL),(2016309,'FRANCISCO JAVIER','MUÑOZ','migmuño@hotmail.com',NULL),(2016310,'RAFAEL','SAEZ','frasaez@hotmail.com',NULL),(2016311,'DANIEL','ROMERO','rafrome@hotmail.com',NULL),(2016312,'JUAN JOSE','RUBIO','danrubi@hotmail.com',NULL),(2016313,'LUIS','ALFARO','juaalfa@hotmail.com',NULL),(2016314,'PABLO','MOLINA','luimoli@hotmail.com',NULL),(2016315,'JUAN ANTONIO','LOZANO','pabloza@hotmail.com',NULL),(2016316,'JOAQUIN','CASTILLO','juacast@hotmail.com',NULL),(2016317,'SERGIO','PICAZO','joapica@hotmail.com',NULL),(2016318,'FERNANDO','ORTEGA','serorte@hotmail.com',NULL),(2016319,'JUAN CARLOS','MORCILLO','fermorc@hotmail.com',NULL),(2016320,'ANDRES','CANO','juacano@hotmail.com',NULL),(2016321,'JOSE MANUEL','MARIN','andmari@hotmail.com',NULL),(2016322,'JOSE MARIA','CUENCA','joscuen@hotmail.com',NULL),(2016323,'RAMON','GARRIDO','josgarr@hotmail.com',NULL),(2016324,'RAUL','TORRES','ramtorr@hotmail.com',NULL),(2016325,'ALBERTO','CORCOLES','raucorc@hotmail.com',NULL),(2016326,'ENRIQUE','GIL','albgil@hotmail.com',NULL),(2016327,'ALVARO','ORTIZ','enrorti@hotmail.com',NULL),(2016328,'VICENTE','CALERO','alvcale@hotmail.com',NULL),(2016329,'EMILIO','VALERO','vicvale@hotmail.com',NULL),(2016330,'FRANCISCO JOSE','CEBRIAN','emicebr@hotmail.com',NULL),(2016331,'DIEGO','RODENAS','frarode@hotmail.com',NULL),(2016332,'JULIAN','ALARCON','diealar@hotmail.com',NULL),(2016333,'JORGE','BLAZQUEZ','julblaz@hotmail.com',NULL),(2016334,'ALFONSO','NUÑEZ','jornuñe@hotmail.com',NULL),(2016335,'ADRIAN','PARDO','alfpard@hotmail.com',NULL),(2016336,'RUBEN','MOYA','adrmoya@hotmail.com',NULL),(2016337,'SANTIAGO','TEBAR','rubteba@hotmail.com',NULL),(2016338,'IVAN','REQUENA','sanrequ@hotmail.com',NULL),(2016339,'JUAN MANUEL','ARENAS','ivaaren@hotmail.com',NULL),(2016340,'PASCUAL','BALLESTEROS','juaball@hotmail.com',NULL),(2016341,'JOSE MIGUEL','COLLADO','pascoll@hotmail.com',NULL),(2016342,'MARIO','RAMIREZ','josrami@hotmail.com',NULL),(2016343,'MARIA','SUAREZ','marsuar@hotmail.com',NULL),(2016344,'MARIA CARMEN','ARISTIZABAL','mararis@hotmail.com',NULL),(2016345,'JOSEFA','DOMINGUEZ ','mardomi@hotmail.com',NULL),(2016346,'ISABEL','RUIZ','josruiz@hotmail.com',NULL),(2016347,'MARIA DOLORES','HIGUITA','isahigu@hotmail.com',NULL),(2016348,'CARMEN','OSORIO','marosor@hotmail.com',NULL),(2016349,'FRANCISCA','GOMEZ','cargome@hotmail.com',NULL),(2016350,'MARIA PILAR','BUSTOS','frabust@hotmail.com',NULL),(2016351,'DOLORES','RODAS','marroda@hotmail.com',NULL),(2016352,'MARIA JOSE','CANO','dolcano@hotmail.com',NULL),(2016353,'ANTONIA','DIAZ ','mardiaz@hotmail.com',NULL),(2016354,'ANA','HERNANDEZ ','anthern@hotmail.com',NULL),(2016355,'MARIA ISABEL','JARAMILLO','anajara@hotmail.com',NULL),(2016356,'MARIA ANGELES','GARCIA','margarc@hotmail.com',NULL),(2016357,'PILAR','MARTINEZ','marmart@hotmail.com',NULL),(2016358,'ANA MARIA','LOPEZ','pillope@hotmail.com',NULL),(2016359,'LUCIA','SANCHEZ','anasanc@hotmail.com',NULL),(2016360,'CRISTINA','GONZALEZ','lucgonz@hotmail.com',NULL),(2016361,'LAURA','GOMEZ','crigome@hotmail.com',NULL),(2016362,'ENCARNACION','FERNANDEZ','laufern@hotmail.com',NULL),(2016363,'JUANA','MORENO','encmore@hotmail.com',NULL),(2016364,'MARIA TERESA','JIMENEZ','juajime@hotmail.com',NULL),(2016365,'ROSARIO','PEREZ','marpere@hotmail.com',NULL),(2016366,'ELENA','RODRIGUEZ','rosrodr@hotmail.com',NULL),(2016367,'MARTA','NAVARRO','elenava@hotmail.com',NULL),(2016368,'MANUELA','RUIZ','marruiz@hotmail.com',NULL),(2016369,'ROSA MARIA','DIAZ','mandiaz@hotmail.com',NULL),(2016370,'MARIA LLANOS','SERRANO','rosserr@hotmail.com',NULL),(2016371,'MARIA JOSEFA','HERNANDEZ','marhern@hotmail.com',NULL),(2016372,'RAQUEL','MUÑOZ','marmuño@hotmail.com',NULL),(2016373,'ANGELES','SAEZ','raqsaez@hotmail.com',NULL),(2016374,'CONCEPCION','ROMERO','angrome@hotmail.com',NULL),(2016375,'MERCEDES','RUBIO','conrubi@hotmail.com',NULL),(2016376,'IRENE','ALFARO','meralfa@hotmail.com',NULL),(2016377,'TERESA','MOLINA','iremoli@hotmail.com',NULL),(2016378,'BEATRIZ','LOZANO','terloza@hotmail.com',NULL),(2016379,'PAULA','CASTILLO','beacast@hotmail.com',NULL),(2016380,'ANGELA','PICAZO','paupica@hotmail.com',NULL),(2016381,'JULIA','ORTEGA','angorte@hotmail.com',NULL),(2016382,'ANA BELEN','MORCILLO','julmorc@hotmail.com',NULL),(2016383,'ROCIO','CANO','anacano@hotmail.com',NULL),(2016384,'AMPARO','MARIN','rocmari@hotmail.com',NULL),(2016385,'ALICIA','CUENCA','ampcuen@hotmail.com',NULL),(2016386,'CONSUELO','GARRIDO','aligarr@hotmail.com',NULL),(2016387,'ROSA','TORRES','contorr@hotmail.com',NULL),(2016388,'ASCENSION','CORCOLES','roscorc@hotmail.com',NULL),(2016389,'ANDREA','GIL','ascgil@hotmail.com',NULL),(2016390,'MARIA ROSARIO','OCHOA FAJARDO','andocho@hotmail.com',NULL),(2016391,'MARIA JESUS','JIMENEZ PINTADO','marjime@hotmail.com',NULL),(2016392,'MARIA LUISA','PERALTA IZQUIERDO','marpera@hotmail.com',NULL);
/*!40000 ALTER TABLE `estudiantes` ENABLE KEYS */;
UNLOCK TABLES;
/*!40103 SET TIME_ZONE=@OLD_TIME_ZONE */;

/*!40101 SET SQL_MODE=@OLD_SQL_MODE */;
/*!40014 SET FOREIGN_KEY_CHECKS=@OLD_FOREIGN_KEY_CHECKS */;
/*!40014 SET UNIQUE_CHECKS=@OLD_UNIQUE_CHECKS */;
/*!40101 SET CHARACTER_SET_CLIENT=@OLD_CHARACTER_SET_CLIENT */;
/*!40101 SET CHARACTER_SET_RESULTS=@OLD_CHARACTER_SET_RESULTS */;
/*!40101 SET COLLATION_CONNECTION=@OLD_COLLATION_CONNECTION */;
/*!40111 SET SQL_NOTES=@OLD_SQL_NOTES */;

-- Dump completed on 2021-10-26 18:34:27
